{
  "location": {
    "world": "world",
    "x": 0.4805297752731945,
    "y": 65.0,
    "z": 0.4876591904060934,
    "yaw": -90.09297,
    "pitch": -1.7613653
  },
  "groups": [
    {
      "groupName": "Owner"
    }
  ],
  "operator": false,
  "can-fly": true,
  "walk-speed": 0.19998004,
  "fly-speed": 0.09999002
}